offer_amount,decision_time_s,mean_hr,hr_std,rmssd,sdnn,pnn50,mean_gsr,max_gsr,gsr_std,mean_eeg_af7,mean_eeg_af8,participant_id,label
0.43911848728894254,-0.0010038095422714832,0.030153568129344423,4.3819436905323526e-05,0.001968035739264451,0.02256562943712197,0.0032069448459878915,0.002666359421618836,0.001650681447245006,-0.0043284408276576865,0.004360549002194602,-0.006103281756395518,P001,1
-0.1699450350824918,-0.0011301685644866666,-0.007181079684050929,-0.020418151679314177,-0.013060474782650999,-0.021345476179521938,-0.008300719231738186,-0.004460960259530111,-0.007149787007620034,-0.00809977651861118,-0.008094168004754465,-0.010641148071499629,P001,0
-0.1739357121365174,-0.009831325760023902,-0.007365904959897307,-0.013475486042261764,-0.014706978204958431,-0.0155554770366507,-0.007213790303740098,-0.0039633584288822025,-0.0064704607084422605,0.011098194514670468,-0.003250583190310863,0.005887843052914832,P001,0
-0.09715395235725736,-0.01142142569688076,-0.013139770212183067,-0.013453598003434309,-0.010046551848608943,-0.012963233076152391,-0.008952046108788636,-0.0011245005209275405,-0.010158476699871244,0.004254496357407334,0.006602432812906045,-0.007387279792692425,P001,0
-0.18782338572218577,-0.012074122784997598,-0.004923062599027616,-0.008589748479607806,-0.00554423079429398,0.003790196195950557,-0.005790892402274039,-0.003452514309719845,-0.005852284325374058,-0.010066747410837707,0.008056452443452145,-0.0014548365486916736,P001,0
-0.16961200762943918,-0.012527053251596953,-0.011014614457963035,-0.01508831744431518,-0.014880520938004339,-0.015766587857433477,-0.009831668341212208,-0.003786237291933503,-0.004728841523683513,-0.009087771372014686,-0.01348929107116419,0.010255128310654981,P001,0
-0.1719347245812969,-0.014256441226098104,-0.011069962416149793,-0.02005371662462494,-0.014524130912104739,-0.017973278685531113,-0.007602972402310115,-0.003931105170522642,-0.004257881427110988,-0.006776534010714386,-0.002210470731006353,-0.007315599085086433,P001,0
0.4140034260050015,0.0016135264224431012,0.008152666022442644,-0.005774007456057007,0.0026947312779157075,0.020821520456229335,0.0030084614254519693,0.005053322805997596,0.001894744262790482,0.020361033742119616,0.023814764878170535,0.010740374064744174,P001,1
-0.09170828096102923,0.023506993613682425,-0.006047447299351916,-0.015411744900484336,-0.011278469138596847,0.010827921941017848,-0.004981690197564603,0.0036799514235099197,-0.007491621286499139,0.014607679004984674,-0.006197687249732553,-0.012963970880809939,P001,0
0.42680237439599295,0.0011085831514719758,0.009856954929682615,-0.0026541731003817404,-0.005166845336225379,0.01768172710599174,0.013458595308293297,0.003502095661860949,0.00349937180226334,0.013083113507536836,0.001994786040722829,0.053325559726408754,P001,1
-0.16833596931737702,-0.0010579610438981035,-0.004605225983686978,-0.013011697825641022,-0.015628743202523766,-0.01592721294000512,-0.006546173265087418,-0.003132473589721485,-0.007123538153973641,0.004334606999964308,-0.0170169091259595,0.0012651352996726928,P001,0
-0.17672826582038398,0.005051735724464379,-0.006163836585892568,-0.010937396609551796,-0.017039593126173713,-0.01315140179995069,-0.0118243125582012,-0.004946072951133829,-0.007738824485932128,0.007766419058589236,-0.0015806322806383832,-0.0002217267930973321,P001,0
-0.1691535983596623,-0.003914281448942347,-0.011696022994783561,-0.012395345271579572,-0.014661937805340131,-0.022400543256662787,-0.008358738461993198,-0.006098628494328295,-0.008728165617321792,0.008697718001076282,-0.0015967698896929504,-0.00869590122183581,P001,0
-0.10609277805524471,-0.0016639824713820417,-0.01134678346434157,-0.01291791909679887,-0.009876241324855073,-0.01534068911569193,-0.007469936885809147,-0.004324027378606843,-0.007704093544452917,-0.015001572055189172,0.002237107519431447,0.0026525834764470346,P001,0
0.423994530363052,-0.0006743647452822187,0.0035575584585330945,0.027216856848463068,0.005566033100967616,0.031535158880069504,0.0194582773023285,0.004769448545994237,0.0017039721500623274,0.01777447141430457,0.00236464288782372,-0.004960967678243833,P001,1
-0.09702783265020117,0.010986342632986635,-0.011244418701608083,0.02342114566872624,-0.018358066544624307,-0.027040271410260174,-0.018533333598861647,-0.002799304303334793,-0.00879205881828966,-0.016338865999568953,0.00043017845855501945,-0.003869010016478569,P001,0
-0.17818833636210912,0.02045692880974457,-0.00505562353946516,-0.010738559167293715,-0.014637542793025204,0.001724572592684126,-0.007565302786315442,-0.004348628308980551,-0.005572323781234445,-0.01059237447598207,-0.0035080602172456567,-0.01055962214968531,P001,0
-0.11013081565579341,-0.0005478115520418214,-0.012046081256085018,-0.028642668159409367,-0.01342684553228537,-0.02520763554457517,-0.019197493996489356,-0.007631367893282004,-0.010118149368463492,-0.010297855609860563,-0.012410154318968126,-0.011264350116471178,P001,0
-0.1660006023668757,0.004184761681517557,-0.014109104727867815,-0.022758133939896653,-0.012793334161960957,-0.010657477963832207,-0.01964443572487653,-0.005785397620547883,-0.006947759258218866,-0.010594281324938493,-0.005133713245959371,-0.011699544485873048,P001,0
-0.16827708105756756,-0.002620405115703761,-0.007597231298768747,-0.019452502486910817,-0.004994982079824695,-0.01731976515857241,-0.010748676771709143,-0.0026631616909071456,-0.002851125218330708,-0.009941169095873193,-0.006223857540317112,0.010941431922128686,P001,0
-0.11526997625187504,-0.010295607612806634,-0.010299430137456511,-0.023124204720261332,-0.007282717663383664,-0.020250376103467714,-0.015978775276471423,-0.004660334651271114,-0.004384855852185865,-0.008801647790642164,-0.007788193606756977,0.0005005177066777833,P001,0
-0.168817905114156,-0.00718683662262265,-0.0037638152415638616,-0.013018427813221933,-0.01302903844980392,-0.018287500105816434,-0.00199958969542422,-0.005863166606650339,-0.007744865064159967,0.009031310457066866,0.00014175958476698726,0.006253772744275921,P001,0
0.4245870954477141,0.002764205819039489,0.0022612307376675745,-0.003243632541853003,-0.00696906480116013,-0.005782649541288265,-0.0023581264632412057,0.0014323689427328645,0.0032662126915965926,-0.000737158659421766,0.004597600005217828,0.010753297661767646,P001,1
0.4189339483316871,0.012800467396664317,0.039404914997840025,-0.005624105886818142,0.01580599205844919,-0.0005375890422328666,-0.008071188347366842,0.0006380163848916709,-0.0002832339562701236,0.004719141648820369,0.005426930364137661,0.017797473232212722,P001,1
-0.06857737161335535,-0.03465123174846667,-0.008878415991875954,0.017061705901869572,0.023668619163345284,0.023124908243062237,0.013634814467604884,-0.018430295307371124,-0.03273190792551759,-0.02298053888298455,-0.020347276829943438,0.003854898479767144,P003,0
0.40499774585587145,0.0011705854193678534,0.004666593258298235,0.02239911997476156,0.002815994507363939,0.025197404788195855,0.013689724886080511,-0.008914803049265174,-0.012207378268158209,-0.003299874548929438,0.002785172759104171,0.004134258572685212,P003,1
-0.18433675159158155,-0.019907767151107692,-0.005891061290776633,0.01928773127729073,-0.012284219886169012,-0.007424737988412744,0.008850067644107184,-0.003552450495590165,-0.024662644795353118,-0.012255677200619175,-0.0029648801179973814,-0.0020151031160366983,P003,0
-0.07410164867651474,-0.018355732483541942,-0.006744675666641342,0.026064120280534554,0.009578381669598457,0.0017224578587956784,0.013806358504916716,-0.02082904329727171,-0.03305283390436671,-0.026998700330341307,-0.018676925889121777,-0.014656545737716442,P003,0
-0.1901387218051241,-0.015469240820220876,-0.0017048332828380809,0.01706922916982876,0.03894733368897505,0.010102107295097085,0.010386998945432425,-0.018290188789978856,-0.028650763954829017,-0.021033822521985712,-0.006036321482770291,0.0013483327042195016,P003,0
-0.18596592245830834,-0.02540782595106066,-0.007013751866998064,0.017723146788375742,-0.0008901523351596552,-0.00121292794119654,0.0122365761673791,0.0009140036308963317,-0.02864343261189788,0.02507012204669081,-0.002734214136671653,-0.009541620909567427,P003,0
-0.18664438903924746,-0.018474693282951194,-0.0028782287979538523,0.04167764465873915,-0.012026483709632885,-6.849101519037503e-05,0.0132475016054741,-0.007520359685076983,-0.025356480623304378,0.02258336701152075,-0.00473124155350888,0.004666187318116499,P003,0
0.37044140342804893,-8.83806353158434e-05,0.01942382637535047,0.02701248191715422,0.033841363889860074,0.04788530775203981,0.017389253108740378,0.011834183026439859,0.0050718739509648,0.028960991928579462,0.0022542454255017217,-0.0004958196569532447,P003,1
-0.1860310841782848,0.029518004234887485,0.0032793963544463624,0.016717474571851198,0.00828133668674127,0.014197332204548729,0.014193923052607716,-0.01238200893285466,-0.003654806847043801,-0.01690219486836213,-0.004625171823863639,-0.003124065593328851,P003,0
-0.027267222476075402,-0.012836485380466911,0.03722324492814551,0.05278853614745458,0.05755493411197676,0.05061923273915454,0.023838574772707944,0.012602253113072948,0.008518365643612923,0.022707768497411962,0.004220742008783418,0.012425540432241177,P003,1
-0.17838168133021098,-0.011955061576827575,0.018953265828440636,-0.018875665686300634,-0.008172897127133183,-0.014650251918192225,-0.003967357483361411,-0.00592209630049183,-0.003429428617164376,-0.014037007461593021,-0.012605674690166779,-0.0011640915607131319,P003,0
0.4172143104868155,0.01373552124168782,0.04113361713502854,-0.0020342739966508817,0.027694279719344194,0.004870812054377893,0.0076624547136816545,0.00016618372956145322,0.0006730409418196359,0.010653644742933465,0.008029544518376498,0.021390194733203315,P003,1
-0.19238940683771943,-0.01888698755246878,0.02074277441488448,-0.012901575615796902,0.0060678503858071055,0.021971693857085483,0.017883586988136812,-0.003559096507160575,-0.0018381871278506877,-0.01426771690375972,-0.012518667291624297,-0.010074095355230383,P003,0
-0.186779859107628,-0.0032722485815611436,0.018779294347586982,0.029597430856483697,-0.014810989519082796,-0.008199784594989979,0.01378411261302972,0.0039128670030549985,-0.001420958542075823,-0.024623174990983897,-0.0013950603225566737,-0.0007922970388790418,P003,0
0.40796172696645955,-0.0045357114597209145,0.02947616267770172,0.03819216716710798,0.021264041606355023,0.03263194596097492,0.017644676117379278,0.007908667666379187,0.007267391017467162,-0.007033344074034176,0.0025052419547137105,0.010028165294852443,P003,1
-0.0054822511225211205,0.05753630770050222,0.06140171202096099,0.03382001969366684,0.09075983178372553,0.07764200131496182,0.0364476222972371,0.014085079511824005,0.011366117035322532,0.04584334238297742,-0.0010259593455884896,0.017995273950782577,P003,1
0.35483487641504324,0.013444882511976175,0.03871636966832739,0.021573705351875104,0.02766305683362589,0.05007250191360981,0.019351603785798942,0.010166057142123463,0.0073511872777089595,0.015893036975012365,0.00633879276283551,0.010836130292682355,P003,1
-0.016117755585219128,0.022256912080410984,0.04536898523174386,0.047760243154152705,0.06004161398641372,0.07696539414610015,0.03448540168628824,0.018506470732972957,0.005140581602790917,0.05028442831080611,0.003619470217017806,0.007004607382168615,P003,1
-0.0025022697893291477,0.05852382407392724,0.06319337857676147,0.04278948861283425,0.08651051164933961,0.07074103931736317,0.03520090978981898,0.013157993146160151,0.006651804065404577,0.04270530128032988,0.005775301344237959,0.01332518042954689,P003,1
-0.19928494401192437,-0.012613605778733472,0.019736006644416194,-0.011698567395251302,0.006247527704726963,0.02731817763815343,0.018546146554399456,0.006374869234423386,0.0015252757006237517,0.014932806355318462,-0.0034925539195683085,-0.0014838379657703626,P003,0
-0.19088334374828264,0.01066615055933653,0.00696512977601742,0.023715964576877014,-0.019775236775694795,-0.0038191627043488554,0.014215657757267764,0.006185253355579334,-0.0005888337314900127,-0.0181758524057841,-0.0028275254738218793,-0.0007273843541952373,P003,0
0.37521114518858667,-0.0021741986472989085,0.031537182157217104,0.035407981319985994,0.02984109175276899,0.04820333874540665,0.017351647186478657,0.011399352036096388,0.003494832464002684,0.028782025715736383,0.0061664039270908685,0.008458291631586689,P003,1
-0.1975102040652928,-0.028134793008666746,-0.0007729243271569431,0.01314493499467062,0.004526400348549941,0.029840574298577848,0.011761810672578577,-0.00020460493851715,-0.0028265866414585615,-0.018852982252337825,-0.0037732828684056583,-0.0005651117966408492,P003,0
-0.1925721414087093,-0.019636723247458576,0.0019035146467103914,0.023066623526756303,-0.010304014274879592,-0.0017333882125967648,0.012755670108708728,-0.0028433327646780527,-0.004624810165842064,-0.009894217093733459,-0.019055215375374246,-0.0006772948172510951,P003,0
-0.1698030894880503,-0.0036138579410362583,-0.014141755524178734,-0.012231968803098426,-0.009388125716122886,-0.01699791395403736,-0.010218321652791929,-0.001223710958583979,0.006712306158897263,-0.013105248105512146,-0.013917147633947025,-0.009988231850184093,P004,0
-0.16723054064295867,0.017541994028215414,-0.01434535175021665,-0.014667153268601397,-0.01662622576313879,-0.014707818003444117,-0.014884706902830658,-0.005979356007264869,0.005655199382363208,-0.013942781365403788,-0.010306160316758906,-0.011940854916701937,P004,0
-0.1803104596068806,-0.010575416839765239,-0.01107557879649903,0.0003539406328854966,-0.009913172893357114,-0.0007343264313021791,0.015818650862911454,-0.0076167266437551,0.001115473141089751,-0.013737527745979606,-0.011594721977780864,-0.0022095652973803228,P004,0
-0.10180077064906072,-0.013263934354654339,-0.022000309275063044,-0.03147470750463981,-0.012928646280943212,-0.029171056014547503,-0.008298971025214995,-0.005340907760819391,0.013600172270889744,0.013590857591316308,-0.005711923907892924,-0.0018208920851066068,P004,0
-0.10569065784147824,0.008125285104870272,-0.020913908843249375,-0.03392477077941294,-0.01563398578291526,-0.02845523196447175,-0.01881001761930747,-0.0098287359830465,0.008923865792075958,-0.016147563648155484,-0.005812420797155937,0.0009854285307483225,P004,0
-0.10781173880059214,-0.0063817745509368255,-0.018062851499689715,-0.014556015919151833,-0.010540310460146429,-0.027129351078929175,-0.019784791923939338,-0.006398257944329089,0.01351201452425812,-0.015052913480576535,0.0002384580973739503,-0.0007328812511332216,P004,0
-0.16815199922402826,-0.010125962831261858,-0.009719154171489209,-0.012822738734757876,-0.014900007018331963,-0.016242899745247997,-0.008698748395818256,-0.006653937572082214,0.004887104142562748,0.007792225155026244,-0.0026021849324024517,0.004607072852741112,P004,0
-0.16827037640887282,-0.010090693968049892,-0.01070401876759206,-0.01770902187054162,-0.012516035461885622,-0.021209786951840216,-0.01074119273589531,-0.00032089113774418364,0.006794814432851126,-0.011601777982104978,-0.003470784455930698,-0.0002592619189272227,P004,0
-0.16340499831840133,0.005745297512021352,-0.013321650763555227,-0.01999763371240988,-0.011721320581636973,-0.02081868556979316,-0.012457486025505204,-0.0075379161876298895,0.011219219433860417,-0.014957719035191986,-0.00044885878523928115,-0.0015001971144556591,P004,0
-0.10320762373885373,-0.0003119714927379391,-0.019886384110395738,-0.03209943569218012,-0.01613758601997688,-0.02982152242693701,-0.015112093453899434,-0.004492049700093048,0.015476645597846072,-0.012422690846779005,-0.003878801192422543,-0.0037996319147168833,P004,0
0.4060880132317834,0.004667800141214684,0.005951776628603511,0.023877833555252435,-0.008495375162601704,0.005171148684439686,-0.0067260111513860465,0.0121959750629685,0.015082140618437734,-0.0015283021984942025,0.01592037044592871,0.009393058661544273,P004,1
0.400637417805774,0.013267360982899845,0.01072381018627766,0.0007688685233006254,-0.008626245678897249,-0.015461418810809846,0.0012908101504763181,0.015649759667030593,0.010252477191465914,-0.0031141266443228234,1.779826052370481e-05,0.0025145914698896377,P004,1
-0.17282007983521908,-0.013099695158689428,-0.00830891701107248,-0.01441752171758708,-0.014536573310942913,-0.009223928639312363,-0.008015123584573302,-0.005989812626648927,0.005627384006311331,-0.0129575666146593,-0.009098267429908446,-0.0010012088808252883,P004,0
-0.1794162258362121,-0.006011171015416039,-0.012303934445026244,-0.011387069256852556,-0.00791095294734987,-0.003724073354169377,-0.006788054325170378,-0.004870951129669265,0.005319573867109284,-0.00877365214873862,-0.007202784473702195,-0.011137992770636629,P004,0
-0.1706447502003357,0.015427023885786184,-0.016327081122108213,-0.008720615537822596,-0.017792283510971174,-0.005290649788003065,-0.012146764903809526,-0.006135987756897521,0.004358433850484289,-0.013649835565502144,-0.0025246899469493654,-0.011197175099005108,P004,0
0.39701461718395875,0.012773093552641512,-0.00785548330961774,-0.002955504066630965,-0.006272688428362016,-0.006080916790324409,-0.0008663810801408545,0.008571672865673462,0.016854687484124043,-0.00017690875893094926,0.02161661670252215,0.01713975043062419,P004,1
0.4120018656478351,0.0008142622869854677,-0.00298993931203313,-0.004474481660327001,-0.007251914406879223,-0.0012890222399619233,-0.0001728811353132187,0.016416005053451956,0.02327253962605482,-0.0029993559471222396,0.01347752955625765,0.009756965822407437,P004,1
-0.08395435758720851,0.0071536655554155,-0.006876297465532843,-0.007125599605933531,-0.007760202723238763,-0.021619956900758554,-0.005311695031650743,0.03184944618387817,0.05215737953976714,0.024392379899927617,0.04266623980256554,-0.01080657076317948,P004,1
0.39469286949097293,0.018967174876161154,-0.0008091353115105449,0.029710675167916634,-0.003800209557994094,0.023791376722147105,-0.002646293008092471,0.0023689471020588828,0.003836299719296221,0.016100210960030382,0.02122874931592378,0.010210692266036858,P004,1
-0.1789431677558241,-0.013307684170376888,-0.008805866910461192,-0.0017842070432379843,-0.012002077016768453,-0.0003578532279789215,-0.007112150705597742,-0.0027899729313503483,0.0025318224346847274,-0.010418414982359537,-0.010080459910386707,-0.004616857514520234,P004,0
0.4133490209114825,0.000502484782373358,-0.006152183952735868,0.008687404209558736,0.0037307695023628185,0.01771256265201373,0.022017043177675076,0.0005244864847554709,0.003816576718054421,-0.002594065342373142,0.012789831013651564,0.008797138705313045,P004,1
-0.18543614194422844,-0.016564303799259505,-0.0034982387386662595,0.017367998187910415,-0.008666224403714295,0.006509846140761511,-0.007478741593968152,-0.0043397755267506,0.001189225006419292,-0.0030064047464293253,-0.007457001872535329,0.006033234017195355,P004,0
-0.10549854303681058,-0.0026302131874217593,-0.013507911624492408,-0.014702204986679134,-0.009535563061035646,-0.025634234822427972,-0.011424044406430767,-0.002467176226673473,0.0027134365441270347,0.01014882882418533,-0.01062308232912983,-0.016388316001393833,P004,0
-0.16736902171705878,-0.014328770309384708,-0.011510093669221533,-0.006823994388287247,0.0016366116827157384,-0.02193890692660716,-0.00899177673345548,-0.0009465991612159997,-0.010537782241408422,-0.0027702062045136698,0.0019964258131949463,-0.011775993067931267,P005,0
0.403282024350483,0.013650822666932072,0.007207695810711812,-0.001057101811238681,0.024611010119497224,-0.019698874649384378,0.004679764162119682,-0.0012228221074110479,0.00963674990725849,0.009314085740243172,0.01307738583855098,0.011416063531714826,P005,1
-0.16819127709914028,-0.005937893067311961,-0.014704871176763844,-0.02047890329085931,-0.013342665192885761,-0.02323692997179023,-0.011188259134360123,-0.003032452280058351,0.004635406362649519,0.008763655194798048,-0.0016304738808685215,-0.015914256252381166,P005,0
0.4131081720646762,0.005213838175950514,0.006278006245838697,-0.01773633518769202,0.02399932666357927,-0.013642591495317902,-0.013063231374962925,0.0030201173438399566,0.008284402367098664,0.011713098252494092,0.0035730791121750373,-0.0032251376710064504,P005,1
-0.1092790940485429,-0.0014619735732594563,-0.010858885609286517,-0.026480986131537064,0.002009240774623322,-0.030686546794913738,-0.017181858791900595,-0.002978938691558142,0.0035435922154647415,-0.0006339440104966343,0.0017331531598756555,-0.014257535731667303,P005,0
-0.16580778905754415,-0.012726489306623989,-0.01275503532788207,-0.01965929928537662,-0.009453668161677342,-0.009720314495825732,-0.016652123413041408,0.0002353419985411165,0.006701713651455066,-0.009856973371915956,-0.0032531414173718074,-0.010945528508455028,P005,0
-0.16227755626823637,-0.010246314801315748,-0.013800173917661595,-0.02453762876411929,-0.014168694007184967,-0.022017705065172775,-2.7138316818309248e-05,-0.0018960565497764038,-0.00682595270791353,-0.0005824079952617467,-0.004745864419419377,-0.012660652019349072,P005,0
0.41057568621581597,0.015089759956936177,-0.012373859557783362,-0.0038462746069853893,-0.005501913006264658,-0.013470606459213741,-0.00100566383516707,0.004679185684472032,-0.0011999391356766864,0.002844713649210462,0.012148110984708183,0.006118574203128446,P005,1
-0.10059784488366859,0.014104571084590133,-0.025201853974158438,-0.03355341928327107,-0.022133545972337743,-0.0370275675872108,-0.01745630377163252,-0.005101470965564658,-0.009772049903585867,0.007041324051351694,0.019180262753070564,-0.0015372671414297656,P005,0
-0.16435521274252096,-0.009600576835055108,-0.0015588801496960515,-0.01568734721913643,0.002768123968871805,-0.014029333380040043,-0.0027674090725668065,-0.005326370550574211,-0.007928959445234796,0.00036026362859047366,-0.005819391837940202,-0.0037740563469924383,P005,0
0.3916650568196928,0.006983004833818996,-0.007436017647296467,-0.00771206928511674,0.02772267775198998,-0.006729158040070615,0.007648070882169122,0.019067426834590152,0.018211154770506256,0.007540458819403284,0.013237564681276126,0.05357027845925586,P005,1
-0.11112095904645684,-0.0166598487761803,-0.013706275284221192,-0.024691471102960348,-0.014257795368848747,-0.02856726896015971,-0.0019402239252485742,0.00435931637939575,0.00924954912661633,-0.01349137022098148,-0.0015059192837725277,-0.012101353486468725,P005,0
0.4026527541991527,0.010816004573825921,0.009575929223183266,-0.016025327920579,0.026130073219883344,-0.000728576969322603,0.00801673938467502,0.018664037269445544,0.018633837728884828,0.009760142552295292,0.00047244455226973513,-0.0025878310354983114,P005,1
-0.17099603169081093,-0.004987326427453809,-0.00877868528932595,-0.014723454271734226,-0.015371482629052479,-0.01657002463689423,-0.009869477755091793,-0.0024370675564568955,-0.004509666302510595,-0.0008486858977448719,0.0015581444182316772,-0.015356353334846062,P005,0
-0.16404982300555276,-0.009460026717079018,-0.01390421849082486,-0.021483669773806467,-0.008843073716070649,-0.01627541876587202,-0.01366258254074637,-0.0026114759066331317,-0.006681978577580594,-0.005873739891103469,-0.0010549958557021454,-0.016051826208695275,P005,0
-0.16104707516151393,0.005105997511691385,-0.021579910289528926,-0.024934607440627587,-0.01482045004131578,-0.019488691682181526,-0.022288819626373878,0.0013188700610044179,-0.007250389322689443,0.00507307008274438,0.00037391883342934306,-0.016634864801017103,P005,0
-0.16320632761071466,-0.000941200839861267,-0.01712272480426691,-0.013093934904100024,-0.012160712717286516,-0.025182915064669943,-0.01670767224568408,-0.0029814440535119503,-0.006102597628523654,0.004564380812371383,-0.0024152595975465373,-0.01628654190717498,P005,0
-0.1618109400913454,0.006453849541594536,-0.003903446776621422,-0.023019845816088493,-0.01648810548476831,-0.012898795323599188,-0.02099547760481073,-0.007866030070908891,-0.009634460510824283,-0.0037405525472422596,-0.0008348022582140402,-0.014018871916141507,P005,0
-0.10733790086160297,-0.010323165844874893,-0.021265369927459688,-0.01486121464149619,-0.02018993061665242,-0.023528613654343646,-0.006537928023044514,0.00987073072737985,0.017102077437084518,-0.009225531719675929,-0.005010609500095598,-0.017373438055165023,P005,0
-0.10613487239315873,0.0024063510231826513,-0.018784225742638227,-0.029601671110867755,-0.020302925474879885,-0.02796816733189189,-0.02586582978055958,-0.00411413458732568,-0.0027090573910754758,0.0026916138042906825,-0.0033445971643232043,-0.015905263815693616,P005,0
-0.09912307758240786,-0.014690769586468377,-0.010030263550925156,0.021738814964919584,-0.014395162447908661,2.496701599739026e-05,-0.014225500016709702,-0.012652305715891998,-0.00374821659988811,-0.01865039854001225,-0.0037327790414565243,0.0028332457188298575,P005,0
-0.16977021079164842,-0.0025530706588142494,-0.010907462433442561,-0.010850744341223618,-0.010953321052784303,-0.016977796299852344,-0.005138081115183013,-0.007847246356323011,-0.0065179159452782185,0.0025447096550124115,0.0018435100422721008,-0.01622367501449844,P005,0
-0.1640080455768839,0.007921465319759591,-0.016040267234075145,-0.022620730939706846,-0.010874324545784474,-0.015072409176264045,-0.01453171545635996,-0.0028593736257789713,-0.003856797152911895,0.007035593218915892,-0.0035815572442515985,-0.012999493353981961,P005,0
0.4097592852671369,0.006103221557532379,0.001968071295186746,0.03807350446495548,0.011970107479464786,0.00876808709845136,-0.0026254318247083573,-0.004722605266579194,0.0037179977942287225,0.012387769118186042,0.020771169917316,0.006614813069381853,P005,1
